base_id,date,session_id,split,available_roles,same_hand,sample_quality
0606/session_20260606_170850,0606,session_20260606_170850,train,"mobile,watch,rokid",different,complete
0606/session_20260606_171103,0606,session_20260606_171103,train,"mobile,watch,rokid",different,complete
0606/session_20260606_171409,0606,session_20260606_171409,train,"mobile,watch,rokid",different,complete
0606/session_20260606_171657,0606,session_20260606_171657,train,"mobile,watch,rokid",different,complete
0606/session_20260606_171937,0606,session_20260606_171937,train,"mobile,watch,rokid",different,complete
0606/session_20260606_173901,0606,session_20260606_173901,train,"mobile,watch,rokid",different,complete
0606/session_20260606_175017,0606,session_20260606_175017,train,"mobile,watch,rokid",different,complete
0610/session_20260610_153408,0610,session_20260610_153408,train,"mobile,watch,rokid",different,complete
0610/session_20260610_153808,0610,session_20260610_153808,train,"mobile,watch,rokid",different,complete
0610/session_20260610_162613,0610,session_20260610_162613,train,"mobile,watch,rokid",different,complete
0610/session_20260610_163806,0610,session_20260610_163806,train,"mobile,watch,rokid",different,complete
0610/session_20260610_164234,0610,session_20260610_164234,train,"mobile,watch,rokid",different,complete
0610/session_20260610_164507,0610,session_20260610_164507,train,"mobile,watch,rokid",different,complete
0610/session_20260610_173407,0610,session_20260610_173407,train,"mobile,watch,rokid",different,complete
0610/session_20260610_174106,0610,session_20260610_174106,train,"mobile,watch,rokid",different,complete
0610/session_20260610_174738,0610,session_20260610_174738,train,"mobile,watch,rokid",different,complete
0610/session_20260610_175239,0610,session_20260610_175239,train,"mobile,watch,rokid",different,complete
0610/session_20260610_175421,0610,session_20260610_175421,train,"mobile,watch,rokid",different,complete
0610/session_20260610_175609,0610,session_20260610_175609,train,"mobile,watch,rokid",different,complete
0614/session_20260614_153805,0614,session_20260614_153805,train,"mobile,watch,rokid",different,complete
0614/session_20260614_160311,0614,session_20260614_160311,train,"mobile,watch,rokid",different,complete
0614/session_20260614_161331,0614,session_20260614_161331,train,"mobile,watch,rokid",different,complete
0614/session_20260614_174034,0614,session_20260614_174034,train,"mobile,watch,rokid",different,missing_minor
0623/session_20260623_160401,0623,session_20260623_160401,train,"mobile,watch,rokid",different,complete
0623/session_20260623_161226,0623,session_20260623_161226,train,"mobile,watch,rokid",different,complete
0623/session_20260623_161517,0623,session_20260623_161517,train,"mobile,watch,rokid",different,complete
0623/session_20260623_162157,0623,session_20260623_162157,train,"mobile,watch,rokid",different,complete
0623/session_20260623_163524,0623,session_20260623_163524,train,"mobile,watch,rokid",different,complete
0623/session_20260623_165208,0623,session_20260623_165208,train,"mobile,watch,rokid",different,complete
0623/session_20260623_170100,0623,session_20260623_170100,train,"mobile,watch,rokid",different,complete
0623/session_20260623_173425,0623,session_20260623_173425,train,"mobile,watch,rokid",different,complete
0623/session_20260623_174852,0623,session_20260623_174852,train,"mobile,watch,rokid",different,complete
0704/session_20260704_162339,0704,session_20260704_162339,train,"mobile,watch,rokid",different,complete
0704/session_20260704_163539,0704,session_20260704_163539,train,"mobile,watch,rokid",different,complete
0704/session_20260704_164637,0704,session_20260704_164637,train,"mobile,watch,rokid",different,complete
0704/session_20260704_171412,0704,session_20260704_171412,train,"mobile,watch,rokid",different,complete
0704/session_20260704_171732,0704,session_20260704_171732,train,"mobile,watch,rokid",different,complete
0704/session_20260704_172807,0704,session_20260704_172807,train,"mobile,watch,rokid",different,complete
0704/session_20260704_180311,0704,session_20260704_180311,train,"mobile,watch,rokid",different,complete
0704/session_20260704_181615,0704,session_20260704_181615,train,"mobile,watch,rokid",different,complete
0704/session_20260704_183624,0704,session_20260704_183624,train,"mobile,watch,rokid",different,complete
0704/session_20260704_184232,0704,session_20260704_184232,train,"mobile,watch,rokid",different,complete
0705/session_20260705_105101,0705,session_20260705_105101,train,"mobile,watch,rokid",different,complete
0705/session_20260705_105807,0705,session_20260705_105807,train,"mobile,watch,rokid",different,complete
0705/session_20260705_110105,0705,session_20260705_110105,train,"mobile,watch,rokid",different,complete
0705/session_20260705_110355,0705,session_20260705_110355,train,"mobile,watch,rokid",different,complete
0705/session_20260705_110521,0705,session_20260705_110521,train,"mobile,watch,rokid",different,complete
0705/session_20260705_115709,0705,session_20260705_115709,train,"mobile,watch,rokid",different,missing_large
0705/session_20260705_120042,0705,session_20260705_120042,train,"mobile,watch,rokid",different,missing_large
0705/session_20260705_120338,0705,session_20260705_120338,train,"mobile,watch,rokid",different,missing_minor
0705/session_20260705_120627,0705,session_20260705_120627,train,"mobile,watch,rokid",different,complete
0705/session_20260705_142239,0705,session_20260705_142239,train,"mobile,watch,rokid",different,missing_large
0705/session_20260705_142832,0705,session_20260705_142832,train,"mobile,watch,rokid",different,complete
0705/session_20260705_160209,0705,session_20260705_160209,train,"mobile,watch,rokid",different,missing_large
0705/session_20260705_160521,0705,session_20260705_160521,train,"mobile,watch,rokid",different,missing_minor
0705/session_20260705_160813,0705,session_20260705_160813,train,"mobile,watch,rokid",different,complete
0705/session_20260705_161102,0705,session_20260705_161102,train,"mobile,watch,rokid",different,missing_minor
0705/session_20260705_170701,0705,session_20260705_170701,train,"mobile,watch,rokid",different,missing_large
0705/session_20260705_171250,0705,session_20260705_171250,train,"mobile,watch,rokid",different,missing_minor
0705/session_20260705_173040,0705,session_20260705_173040,train,"mobile,watch,rokid",different,missing_minor
0706/session_20260706_104429,0706,session_20260706_104429,train,"mobile,watch,rokid",different,complete
0706/session_20260706_104744,0706,session_20260706_104744,train,"mobile,watch,rokid",different,complete
0706/session_20260706_105315,0706,session_20260706_105315,train,"mobile,watch,rokid",different,missing_minor
0706/session_20260706_105640,0706,session_20260706_105640,train,"mobile,watch,rokid",different,missing_minor
0706/session_20260706_110127,0706,session_20260706_110127,train,"mobile,watch,rokid",different,complete
0706/session_20260706_110408,0706,session_20260706_110408,train,"mobile,watch,rokid",different,missing_minor
0706/session_20260706_115839,0706,session_20260706_115839,train,"mobile,watch,rokid",different,missing_minor
0706/session_20260706_130455,0706,session_20260706_130455,train,"mobile,watch,rokid",different,missing_minor
0706/session_20260706_151520,0706,session_20260706_151520,train,"mobile,watch,rokid",different,complete
0706/session_20260706_151907,0706,session_20260706_151907,train,"mobile,watch,rokid",different,complete
0706/session_20260706_152745,0706,session_20260706_152745,train,"mobile,watch,rokid",different,complete
0706/session_20260706_153434,0706,session_20260706_153434,train,"mobile,watch,rokid",different,complete
0706/session_20260706_153730,0706,session_20260706_153730,train,"mobile,watch,rokid",different,complete
0706/session_20260706_154036,0706,session_20260706_154036,train,"mobile,watch,rokid",same,missing_large
0706/session_20260706_162423,0706,session_20260706_162423,train,"mobile,watch,rokid",different,missing_large
0706/session_20260706_162707,0706,session_20260706_162707,train,"mobile,watch,rokid",different,missing_large
0706/session_20260706_170252,0706,session_20260706_170252,train,"mobile,watch,rokid",different,complete
0706/session_20260706_170837,0706,session_20260706_170837,train,"mobile,watch,rokid",different,complete
0706/session_20260706_171125,0706,session_20260706_171125,train,"mobile,watch,rokid",different,complete
0706/session_20260706_180244,0706,session_20260706_180244,train,"mobile,watch,rokid",different,complete
0706/session_20260706_181149,0706,session_20260706_181149,train,"mobile,watch,rokid",different,complete
0706/session_20260706_181726,0706,session_20260706_181726,train,"mobile,watch,rokid",different,complete
0706/session_20260706_182357,0706,session_20260706_182357,train,"mobile,watch,rokid",different,complete
0706/session_20260706_183205,0706,session_20260706_183205,train,"mobile,watch,rokid",different,complete
0707/session_20260707_101040,0707,session_20260707_101040,train,"mobile,watch,rokid",different,complete
0707/session_20260707_101756,0707,session_20260707_101756,train,"mobile,watch,rokid",different,complete
0707/session_20260707_102733,0707,session_20260707_102733,train,"mobile,watch,rokid",different,complete
0707/session_20260707_110117,0707,session_20260707_110117,train,"mobile,watch,rokid",different,complete
0707/session_20260707_110401,0707,session_20260707_110401,train,"mobile,watch,rokid",different,complete
0707/session_20260707_110928,0707,session_20260707_110928,train,"mobile,watch,rokid",different,missing_minor
0707/session_20260707_111445,0707,session_20260707_111445,train,"mobile,watch,rokid",different,complete
0707/session_20260707_112014,0707,session_20260707_112014,train,"mobile,watch,rokid",same,complete
0707/session_20260707_112255,0707,session_20260707_112255,train,"mobile,watch,rokid",same,complete
0708/session_20260708_114025,0708,session_20260708_114025,train,"mobile,watch,rokid",same,missing_large
0708/session_20260708_120727,0708,session_20260708_120727,train,"mobile,watch,rokid",different,missing_minor
0708/session_20260708_121327,0708,session_20260708_121327,train,"mobile,watch,rokid",different,complete
0708/session_20260708_122330,0708,session_20260708_122330,train,"mobile,watch,rokid",same,missing_minor
0708/session_20260708_122609,0708,session_20260708_122609,train,"mobile,watch,rokid",same,complete
0708/session_20260708_140641,0708,session_20260708_140641,train,"mobile,watch,rokid",different,complete
0708/session_20260708_140839,0708,session_20260708_140839,train,"mobile,watch,rokid",different,complete
0708/session_20260708_141132,0708,session_20260708_141132,train,"mobile,watch,rokid",different,complete
0708/session_20260708_142302,0708,session_20260708_142302,train,"mobile,watch,rokid",different,complete
0708/session_20260708_142557,0708,session_20260708_142557,train,"mobile,watch,rokid",different,complete
0708/session_20260708_151818,0708,session_20260708_151818,train,"mobile,watch,rokid",different,complete
0708/session_20260708_152210,0708,session_20260708_152210,train,"mobile,watch,rokid",different,complete
0708/session_20260708_161050,0708,session_20260708_161050,train,"mobile,watch,rokid",different,missing_minor
0708/session_20260708_161343,0708,session_20260708_161343,train,"mobile,watch,rokid",different,missing_minor
0708/session_20260708_170302,0708,session_20260708_170302,train,"mobile,watch,rokid",different,complete
0708/session_20260708_170638,0708,session_20260708_170638,train,"mobile,watch,rokid",different,complete
0708/session_20260708_170920,0708,session_20260708_170920,train,"mobile,watch,rokid",same,complete
0708/session_20260708_171339,0708,session_20260708_171339,train,"mobile,watch,rokid",same,missing_large
0708/session_20260708_180339,0708,session_20260708_180339,train,"mobile,watch,rokid",same,complete
0709/session_20260709_101701,0709,session_20260709_101701,train,"mobile,watch,rokid",different,complete
0709/session_20260709_102058,0709,session_20260709_102058,train,"mobile,watch,rokid",different,complete
0709/session_20260709_102744,0709,session_20260709_102744,train,"mobile,watch,rokid",different,complete
0709/session_20260709_103029,0709,session_20260709_103029,train,"mobile,watch,rokid",different,complete
0709/session_20260709_105008,0709,session_20260709_105008,train,"mobile,watch,rokid",same,missing_large
0709/session_20260709_105251,0709,session_20260709_105251,train,"mobile,watch,rokid",same,missing_minor
0709/session_20260709_105918,0709,session_20260709_105918,train,"mobile,watch,rokid",same,missing_large
0709/session_20260709_110722,0709,session_20260709_110722,train,"mobile,watch,rokid",same,missing_large
0709/session_20260709_113034,0709,session_20260709_113034,train,"mobile,watch,rokid",different,complete
0709/session_20260709_114947,0709,session_20260709_114947,train,"mobile,watch,rokid",different,missing_minor
0709/session_20260709_120503,0709,session_20260709_120503,train,"mobile,watch,rokid",same,missing_large
0709/session_20260709_142304,0709,session_20260709_142304,train,"mobile,watch,rokid",different,missing_large
0709/session_20260709_145457,0709,session_20260709_145457,train,"mobile,watch,rokid",same,missing_large
0709/session_20260709_152334,0709,session_20260709_152334,train,"mobile,watch,rokid",different,complete
0709/session_20260709_153135,0709,session_20260709_153135,train,"mobile,watch,rokid",different,missing_minor
0709/session_20260709_163258,0709,session_20260709_163258,train,"mobile,watch,rokid",different,complete
0710/session_20260710_101607,0710,session_20260710_101607,train,"mobile,watch,rokid",different,complete
0710/session_20260710_101926,0710,session_20260710_101926,train,"mobile,watch,rokid",different,complete
0710/session_20260710_102238,0710,session_20260710_102238,train,"mobile,watch,rokid",different,complete
0710/session_20260710_102552,0710,session_20260710_102552,train,"mobile,watch,rokid",different,complete
0710/session_20260710_104125,0710,session_20260710_104125,train,"mobile,watch,rokid",same,missing_minor
0710/session_20260710_121623,0710,session_20260710_121623,train,"mobile,watch,rokid",different,missing_minor
0710/session_20260710_121957,0710,session_20260710_121957,train,"mobile,watch,rokid",different,missing_large
0710/session_20260710_122244,0710,session_20260710_122244,train,"mobile,watch,rokid",different,missing_minor
0710/session_20260710_123116,0710,session_20260710_123116,train,"mobile,watch,rokid",different,missing_large
0710/session_20260710_124535,0710,session_20260710_124535,train,"mobile,watch,rokid",same,missing_minor
0710/session_20260710_145429,0710,session_20260710_145429,train,"mobile,watch,rokid",different,missing_minor
0710/session_20260710_152003,0710,session_20260710_152003,train,"mobile,watch,rokid",same,missing_large
0706/session_20260706_164911,0706,session_20260706_164911,train,"mobile,watch,rokid",same,missing_minor
0706/session_20260706_172711,0706,session_20260706_172711,train,"mobile,watch,rokid",same,missing_large
0707/session_20260707_111736,0707,session_20260707_111736,train,"mobile,watch,rokid",same,complete
0707/session_20260707_112409,0707,session_20260707_112409,train,"mobile,watch,rokid",same,complete
0707/session_20260707_112743,0707,session_20260707_112743,train,"mobile,watch,rokid",same,complete
0708/session_20260708_144854,0708,session_20260708_144854,train,"mobile,watch,rokid",same,complete
0708/session_20260708_145140,0708,session_20260708_145140,train,"mobile,watch,rokid",same,complete
0709/session_20260709_105636,0709,session_20260709_105636,train,"mobile,watch,rokid",same,missing_minor
0709/session_20260709_165254,0709,session_20260709_165254,train,"mobile,watch,rokid",same,complete
0610/session_20260610_155427,0610,session_20260610_155427,val,"mobile,watch,rokid",different,complete
0704/session_20260704_172100,0704,session_20260704_172100,val,"mobile,watch,rokid",different,complete
0705/session_20260705_105454,0705,session_20260705_105454,val,"mobile,watch,rokid",different,complete
0706/session_20260706_153125,0706,session_20260706_153125,val,"mobile,watch,rokid",different,complete
0706/session_20260706_155038,0706,session_20260706_155038,val,"mobile,watch,rokid",same,missing_minor
0706/session_20260706_163234,0706,session_20260706_163234,val,"mobile,watch,rokid",different,missing_large
0706/session_20260706_182112,0706,session_20260706_182112,val,"mobile,watch,rokid",different,complete
0707/session_20260707_103039,0707,session_20260707_103039,val,"mobile,watch,rokid",same,complete
0707/session_20260707_110646,0707,session_20260707_110646,val,"mobile,watch,rokid",different,complete
0707/session_20260707_111208,0707,session_20260707_111208,val,"mobile,watch,rokid",different,complete
0707/session_20260707_113036,0707,session_20260707_113036,val,"mobile,watch,rokid",same,complete
0708/session_20260708_120425,0708,session_20260708_120425,val,"mobile,watch,rokid",different,complete
0708/session_20260708_143553,0708,session_20260708_143553,val,"mobile,watch,rokid",same,complete
0708/session_20260708_162350,0708,session_20260708_162350,val,"mobile,watch,rokid",same,missing_minor
0709/session_20260709_120204,0709,session_20260709_120204,val,"mobile,watch,rokid",same,missing_minor
0709/session_20260709_161842,0709,session_20260709_161842,val,"mobile,watch,rokid",different,complete
0709/session_20260709_164423,0709,session_20260709_164423,val,"mobile,watch,rokid",same,complete
0623/session_20260623_155847,0623,session_20260623_155847,test,"mobile,watch,rokid",different,complete
0623/session_20260623_172641,0623,session_20260623_172641,test,"mobile,watch,rokid",different,complete
0704/session_20260704_163943,0704,session_20260704_163943,test,"mobile,watch,rokid",different,complete
0704/session_20260704_164247,0704,session_20260704_164247,test,"mobile,watch,rokid",different,complete
0706/session_20260706_120217,0706,session_20260706_120217,test,"mobile,watch,rokid",different,missing_large
0706/session_20260706_170550,0706,session_20260706_170550,test,"mobile,watch,rokid",different,complete
0706/session_20260706_182639,0706,session_20260706_182639,test,"mobile,watch,rokid",different,complete
0709/session_20260709_163551,0709,session_20260709_163551,test,"mobile,watch,rokid",different,complete
0710/session_20260710_150009,0710,session_20260710_150009,test,"mobile,watch,rokid",different,missing_minor
0606/session_20260606_170417,0606,session_20260606_170417,test,"mobile,watch,rokid",different,complete
0606/session_20260606_172424,0606,session_20260606_172424,test,"mobile,watch,rokid",different,complete
0610/session_20260610_155652,0610,session_20260610_155652,test,"mobile,watch,rokid",different,complete
0614/session_20260614_161635,0614,session_20260614_161635,test,"mobile,watch,rokid",different,complete
0623/session_20260623_164121,0623,session_20260623_164121,test,"mobile,watch,rokid",different,complete
0623/session_20260623_164440,0623,session_20260623_164440,test,"mobile,watch,rokid",different,complete
0623/session_20260623_164742,0623,session_20260623_164742,test,"mobile,watch,rokid",different,complete
0623/session_20260623_172957,0623,session_20260623_172957,test,"mobile,watch,rokid",different,complete
0704/session_20260704_172451,0704,session_20260704_172451,test,"mobile,watch,rokid",different,complete
0704/session_20260704_180729,0704,session_20260704_180729,test,"mobile,watch,rokid",different,complete
0704/session_20260704_181858,0704,session_20260704_181858,test,"mobile,watch,rokid",different,complete
0704/session_20260704_183931,0704,session_20260704_183931,test,"mobile,watch,rokid",different,complete
0705/session_20260705_110838,0705,session_20260705_110838,test,"mobile,watch,rokid",different,missing_large
0705/session_20260705_121459,0705,session_20260705_121459,test,"mobile,watch,rokid",different,missing_minor
0705/session_20260705_142532,0705,session_20260705_142532,test,"mobile,watch,rokid",different,missing_minor
0705/session_20260705_155837,0705,session_20260705_155837,test,"mobile,watch,rokid",different,missing_minor
0705/session_20260705_172746,0705,session_20260705_172746,test,"mobile,watch,rokid",different,missing_minor
0706/session_20260706_105043,0706,session_20260706_105043,test,"mobile,watch,rokid",different,complete
0706/session_20260706_121108,0706,session_20260706_121108,test,"mobile,watch,rokid",same,missing_minor
0706/session_20260706_125641,0706,session_20260706_125641,test,"mobile,watch,rokid",different,missing_minor
0706/session_20260706_131411,0706,session_20260706_131411,test,"mobile,watch,rokid",same,missing_minor
0706/session_20260706_155712,0706,session_20260706_155712,test,"mobile,watch,rokid",same,complete
0706/session_20260706_155954,0706,session_20260706_155954,test,"mobile,watch,rokid",same,missing_minor
0706/session_20260706_163818,0706,session_20260706_163818,test,"mobile,watch,rokid",same,missing_minor
0706/session_20260706_164059,0706,session_20260706_164059,test,"mobile,watch,rokid",same,missing_large
0706/session_20260706_181442,0706,session_20260706_181442,test,"mobile,watch,rokid",different,complete
0706/session_20260706_182926,0706,session_20260706_182926,test,"mobile,watch,rokid",different,complete
0707/session_20260707_101500,0707,session_20260707_101500,test,"mobile,watch,rokid",different,complete
0707/session_20260707_102056,0707,session_20260707_102056,test,"mobile,watch,rokid",different,complete
0707/session_20260707_103540,0707,session_20260707_103540,test,"mobile,watch,rokid",same,complete
0707/session_20260707_104135,0707,session_20260707_104135,test,"mobile,watch,rokid",same,complete
0708/session_20260708_141959,0708,session_20260708_141959,test,"mobile,watch,rokid",different,complete
0708/session_20260708_142845,0708,session_20260708_142845,test,"mobile,watch,rokid",different,complete
0708/session_20260708_143930,0708,session_20260708_143930,test,"mobile,watch,rokid",same,complete
0708/session_20260708_144300,0708,session_20260708_144300,test,"mobile,watch,rokid",same,complete
0708/session_20260708_144554,0708,session_20260708_144554,test,"mobile,watch,rokid",same,complete
0708/session_20260708_161638,0708,session_20260708_161638,test,"mobile,watch,rokid",different,missing_minor
0708/session_20260708_162812,0708,session_20260708_162812,test,"mobile,watch,rokid",same,complete
0708/session_20260708_165954,0708,session_20260708_165954,test,"mobile,watch,rokid",different,complete
0709/session_20260709_121105,0709,session_20260709_121105,test,"mobile,watch,rokid",same,missing_minor
0709/session_20260709_142543,0709,session_20260709_142543,test,"mobile,watch,rokid",different,missing_minor
0709/session_20260709_143345,0709,session_20260709_143345,test,"mobile,watch,rokid",different,missing_minor
0709/session_20260709_161529,0709,session_20260709_161529,test,"mobile,watch,rokid",different,complete
0709/session_20260709_162351,0709,session_20260709_162351,test,"mobile,watch,rokid",different,complete
0709/session_20260709_164715,0709,session_20260709_164715,test,"mobile,watch,rokid",same,complete
0709/session_20260709_165006,0709,session_20260709_165006,test,"mobile,watch,rokid",same,complete
0710/session_20260710_101214,0710,session_20260710_101214,test,"mobile,watch,rokid",different,complete
0710/session_20260710_103201,0710,session_20260710_103201,test,"mobile,watch,rokid",same,complete
0710/session_20260710_122532,0710,session_20260710_122532,test,"mobile,watch,rokid",different,missing_minor
0710/session_20260710_124009,0710,session_20260710_124009,test,"mobile,watch,rokid",same,complete
0710/session_20260710_145720,0710,session_20260710_145720,test,"mobile,watch,rokid",different,missing_minor
0902/session_20260902_141434_152,0902,session_20260902_141434_152,test,"mobile,watch,rokid",different,complete
0902/session_20260902_141941_509,0902,session_20260902_141941_509,val,"mobile,watch,rokid",different,complete
0902/session_20260902_142233_047,0902,session_20260902_142233_047,test,"mobile,watch,rokid",different,complete
0902/session_20260902_142524_616,0902,session_20260902_142524_616,train,"mobile,watch,rokid",different,complete
0902/session_20260902_142812_973,0902,session_20260902_142812_973,test,"mobile,watch,rokid",different,complete
0902/session_20260902_143114_704,0902,session_20260902_143114_704,test,"mobile,watch,rokid",different,complete
0902/session_20260902_144916_959,0902,session_20260902_144916_959,test,"mobile,watch,rokid",different,complete
0902/session_20260902_145253_644,0902,session_20260902_145253_644,test,"mobile,watch,rokid",different,complete
0902/session_20260902_145548_572,0902,session_20260902_145548_572,train,"mobile,watch,rokid",different,complete
0902/session_20260902_150134_065,0902,session_20260902_150134_065,train,"mobile,watch,rokid",different,complete
0902/session_20260902_150722_950,0902,session_20260902_150722_950,train,"mobile,watch,rokid",different,complete
0902/session_20260902_152019_715,0902,session_20260902_152019_715,test,"mobile,watch,rokid",different,complete
0902/session_20260902_152308_209,0902,session_20260902_152308_209,train,"mobile,watch,rokid",different,complete
0902/session_20260902_152557_310,0902,session_20260902_152557_310,train,"mobile,watch,rokid",different,complete
0902/session_20260902_152954_736,0902,session_20260902_152954_736,val,"mobile,watch,rokid",different,complete
0902/session_20260902_155959_763,0902,session_20260902_155959_763,train,"mobile,watch,rokid",different,complete
0902/session_20260902_160242_401,0902,session_20260902_160242_401,train,"mobile,watch,rokid",different,complete
0902/session_20260902_160524_854,0902,session_20260902_160524_854,test,"mobile,watch,rokid",different,complete
0902/session_20260902_160805_901,0902,session_20260902_160805_901,train,"mobile,watch,rokid",different,complete
0902/session_20260902_161109_170,0902,session_20260902_161109_170,test,"mobile,watch,rokid",different,complete
0902/session_20260902_161953_145,0902,session_20260902_161953_145,train,"mobile,watch,rokid",different,complete
0902/session_20260902_162234_187,0902,session_20260902_162234_187,train,"mobile,watch,rokid",different,complete
0902/session_20260902_162516_470,0902,session_20260902_162516_470,train,"mobile,watch,rokid",different,complete
0902/session_20260902_162848_905,0902,session_20260902_162848_905,train,"mobile,watch,rokid",different,complete
0902/session_20260902_163130_601,0902,session_20260902_163130_601,test,"mobile,watch,rokid",different,complete
0902/session_20260902_163412_659,0902,session_20260902_163412_659,train,"mobile,watch,rokid",different,complete
0902/session_20260902_163944_081,0902,session_20260902_163944_081,val,"mobile,watch,rokid",different,complete
0902/session_20260902_164224_834,0902,session_20260902_164224_834,test,"mobile,watch,rokid",different,complete
0902/session_20260902_164752_388,0902,session_20260902_164752_388,test,"mobile,watch,rokid",different,complete
0903/session_20260903_140740_744,0903,session_20260903_140740_744,train,"mobile,watch,rokid",different,complete
0903/session_20260903_141346_050,0903,session_20260903_141346_050,test,"mobile,watch,rokid",different,complete
0903/session_20260903_141629_942,0903,session_20260903_141629_942,test,"mobile,watch,rokid",different,complete
0903/session_20260903_142158_742,0903,session_20260903_142158_742,train,"mobile,watch,rokid",different,complete
0903/session_20260903_142453_984,0903,session_20260903_142453_984,test,"mobile,watch,rokid",different,complete
0903/session_20260903_143101_350,0903,session_20260903_143101_350,train,"mobile,watch,rokid",different,complete
0903/session_20260903_143358_417,0903,session_20260903_143358_417,test,"mobile,watch,rokid",different,complete
0903/session_20260903_143639_603,0903,session_20260903_143639_603,train,"mobile,watch,rokid",different,complete
0903/session_20260903_143925_142,0903,session_20260903_143925_142,test,"mobile,watch,rokid",different,complete
0903/session_20260903_144209_083,0903,session_20260903_144209_083,test,"mobile,watch,rokid",different,complete
0903/session_20260903_145255_921,0903,session_20260903_145255_921,train,"mobile,watch,rokid",different,complete
0903/session_20260903_150533_909,0903,session_20260903_150533_909,train,"mobile,watch,rokid",different,complete
0903/session_20260903_151355_324,0903,session_20260903_151355_324,val,"mobile,watch,rokid",different,complete
0903/session_20260903_151729_345,0903,session_20260903_151729_345,test,"mobile,watch,rokid",different,complete
0903/session_20260903_152016_585,0903,session_20260903_152016_585,val,"mobile,watch,rokid",different,complete
0903/session_20260903_153847_752,0903,session_20260903_153847_752,val,"mobile,watch,rokid",different,complete
0903/session_20260903_154433_739,0903,session_20260903_154433_739,train,"mobile,watch,rokid",different,complete
0903/session_20260903_154713_859,0903,session_20260903_154713_859,train,"mobile,watch,rokid",different,complete
0903/session_20260903_154955_980,0903,session_20260903_154955_980,test,"mobile,watch,rokid",different,complete
0903/session_20260903_155238_360,0903,session_20260903_155238_360,test,"mobile,watch,rokid",different,complete
0903/session_20260903_155518_141,0903,session_20260903_155518_141,train,"mobile,watch,rokid",different,complete
0903/session_20260903_160926_622,0903,session_20260903_160926_622,test,"mobile,watch,rokid",different,complete
0903/session_20260903_161205_318,0903,session_20260903_161205_318,train,"mobile,watch,rokid",different,complete
0903/session_20260903_161458_849,0903,session_20260903_161458_849,test,"mobile,watch,rokid",different,complete
0903/session_20260903_161739_175,0903,session_20260903_161739_175,train,"mobile,watch,rokid",different,complete
0903/session_20260903_164035_442,0903,session_20260903_164035_442,test,"mobile,watch,rokid",different,complete
0903/session_20260903_164316_694,0903,session_20260903_164316_694,test,"mobile,watch,rokid",different,complete
0903/session_20260903_164815_578,0903,session_20260903_164815_578,test,"mobile,watch,rokid",different,complete
0903/session_20260903_165129_385,0903,session_20260903_165129_385,test,"mobile,watch,rokid",different,complete
0903/session_20260903_165415_639,0903,session_20260903_165415_639,train,"mobile,watch,rokid",different,complete
0903/session_20260903_165738_147,0903,session_20260903_165738_147,train,"mobile,watch,rokid",different,complete
0903/session_20260903_170303_458,0903,session_20260903_170303_458,train,"mobile,watch,rokid",different,complete
0903/session_20260903_170541_656,0903,session_20260903_170541_656,train,"mobile,watch,rokid",different,complete
0903/session_20260903_170827_711,0903,session_20260903_170827_711,train,"mobile,watch,rokid",different,complete
0903/session_20260903_171105_632,0903,session_20260903_171105_632,val,"mobile,watch,rokid",different,complete
0903/session_20260903_171343_614,0903,session_20260903_171343_614,train,"mobile,watch,rokid",different,complete
0903/session_20260903_171627_167,0903,session_20260903_171627_167,train,"mobile,watch,rokid",different,complete
0903/session_20260903_172233_709,0903,session_20260903_172233_709,train,"mobile,watch,rokid",different,complete
0903/session_20260903_172748_347,0903,session_20260903_172748_347,test,"mobile,watch,rokid",different,complete
0903/session_20260903_173050_726,0903,session_20260903_173050_726,train,"mobile,watch,rokid",different,complete
0904/session_20260904_140937_530,0904,session_20260904_140937_530,test,"mobile,watch,rokid",same,complete
0904/session_20260904_141303_729,0904,session_20260904_141303_729,test,"mobile,watch,rokid",same,complete
0904/session_20260904_141728_337,0904,session_20260904_141728_337,test,"mobile,watch,rokid",same,complete
0904/session_20260904_142014_448,0904,session_20260904_142014_448,train,"mobile,watch,rokid",same,complete
0904/session_20260904_142254_460,0904,session_20260904_142254_460,train,"mobile,watch,rokid",same,complete
0904/session_20260904_142533_355,0904,session_20260904_142533_355,train,"mobile,watch,rokid",same,complete
0904/session_20260904_144058_728,0904,session_20260904_144058_728,val,"mobile,watch,rokid",same,complete
0904/session_20260904_144341_230,0904,session_20260904_144341_230,test,"mobile,watch,rokid",same,complete
0904/session_20260904_144621_831,0904,session_20260904_144621_831,test,"mobile,watch,rokid",same,complete
0904/session_20260904_144901_151,0904,session_20260904_144901_151,train,"mobile,watch,rokid",same,complete
0904/session_20260904_145150_516,0904,session_20260904_145150_516,val,"mobile,watch,rokid",same,complete
0904/session_20260904_145450_193,0904,session_20260904_145450_193,train,"mobile,watch,rokid",same,complete
0904/session_20260904_145902_685,0904,session_20260904_145902_685,train,"mobile,watch,rokid",same,complete
0904/session_20260904_150039_787,0904,session_20260904_150039_787,test,"mobile,watch,rokid",same,complete
0904/session_20260904_150314_670,0904,session_20260904_150314_670,test,"mobile,watch,rokid",same,complete
0904/session_20260904_150612_521,0904,session_20260904_150612_521,train,"mobile,watch,rokid",same,complete
0904/session_20260904_150850_903,0904,session_20260904_150850_903,train,"mobile,watch,rokid",same,complete
0904/session_20260904_151259_721,0904,session_20260904_151259_721,test,"mobile,watch,rokid",same,complete
0904/session_20260904_151541_410,0904,session_20260904_151541_410,train,"mobile,watch,rokid",same,complete
0904/session_20260904_151820_849,0904,session_20260904_151820_849,train,"mobile,watch,rokid",same,complete
0904/session_20260904_152624_308,0904,session_20260904_152624_308,train,"mobile,watch,rokid",same,complete
0904/session_20260904_153009_319,0904,session_20260904_153009_319,train,"mobile,watch,rokid",same,complete
0904/session_20260904_153319_032,0904,session_20260904_153319_032,test,"mobile,watch,rokid",same,complete
0904/session_20260904_153547_160,0904,session_20260904_153547_160,test,"mobile,watch,rokid",same,complete
0904/session_20260904_153823_542,0904,session_20260904_153823_542,train,"mobile,watch,rokid",same,complete
0904/session_20260904_154115_969,0904,session_20260904_154115_969,val,"mobile,watch,rokid",same,complete
0905/session_20260905_142133_527,0905,session_20260905_142133_527,train,"mobile,watch,rokid",different,complete
0905/session_20260905_142843_236,0905,session_20260905_142843_236,train,"mobile,watch,rokid",different,complete
0905/session_20260905_143124_765,0905,session_20260905_143124_765,train,"mobile,watch,rokid",different,complete
0905/session_20260905_143412_047,0905,session_20260905_143412_047,val,"mobile,watch,rokid",different,complete
0905/session_20260905_143651_828,0905,session_20260905_143651_828,train,"mobile,watch,rokid",different,complete
0905/session_20260905_143938_034,0905,session_20260905_143938_034,test,"mobile,watch,rokid",different,complete
0905/session_20260905_144423_505,0905,session_20260905_144423_505,val,"mobile,watch,rokid",different,complete
0905/session_20260905_144702_443,0905,session_20260905_144702_443,test,"mobile,watch,rokid",different,complete
0905/session_20260905_145059_708,0905,session_20260905_145059_708,test,"mobile,watch,rokid",different,complete
0905/session_20260905_145410_699,0905,session_20260905_145410_699,train,"mobile,watch,rokid",different,complete
0905/session_20260905_145656_523,0905,session_20260905_145656_523,train,"mobile,watch,rokid",different,complete
0905/session_20260905_150321_244,0905,session_20260905_150321_244,test,"mobile,watch,rokid",different,complete
0905/session_20260905_150603_024,0905,session_20260905_150603_024,test,"mobile,watch,rokid",different,complete
0905/session_20260905_150840_483,0905,session_20260905_150840_483,test,"mobile,watch,rokid",different,complete
0905/session_20260905_151118_167,0905,session_20260905_151118_167,train,"mobile,watch,rokid",different,complete
0905/session_20260905_151403_904,0905,session_20260905_151403_904,test,"mobile,watch,rokid",different,complete
0905/session_20260905_151745_064,0905,session_20260905_151745_064,test,"mobile,watch,rokid",different,complete
0905/session_20260905_152113_026,0905,session_20260905_152113_026,train,"mobile,watch,rokid",different,complete
0905/session_20260905_152419_434,0905,session_20260905_152419_434,test,"mobile,watch,rokid",different,complete
0905/session_20260905_152658_592,0905,session_20260905_152658_592,train,"mobile,watch,rokid",different,complete
0905/session_20260905_153507_092,0905,session_20260905_153507_092,train,"mobile,watch,rokid",different,complete
0905/session_20260905_153911_716,0905,session_20260905_153911_716,val,"mobile,watch,rokid",different,complete
0905/session_20260905_154158_187,0905,session_20260905_154158_187,val,"mobile,watch,rokid",different,complete
0905/session_20260905_154436_259,0905,session_20260905_154436_259,train,"mobile,watch,rokid",different,complete
0905/session_20260905_154715_822,0905,session_20260905_154715_822,train,"mobile,watch,rokid",different,complete
0905/session_20260905_155431_617,0905,session_20260905_155431_617,test,"mobile,watch,rokid",different,complete
0905/session_20260905_155710_756,0905,session_20260905_155710_756,train,"mobile,watch,rokid",different,complete
0905/session_20260905_160231_304,0905,session_20260905_160231_304,test,"mobile,watch,rokid",different,complete
0905/session_20260905_160958_418,0905,session_20260905_160958_418,train,"mobile,watch,rokid",different,complete
0905/session_20260905_161301_494,0905,session_20260905_161301_494,train,"mobile,watch,rokid",different,complete
0905/session_20260905_161605_981,0905,session_20260905_161605_981,train,"mobile,watch,rokid",different,complete
0905/session_20260905_162531_358,0905,session_20260905_162531_358,test,"mobile,watch,rokid",different,complete
0905/session_20260905_163757_861,0905,session_20260905_163757_861,test,"mobile,watch,rokid",different,complete
0905/session_20260905_164038_967,0905,session_20260905_164038_967,test,"mobile,watch,rokid",different,complete
0905/session_20260905_164321_671,0905,session_20260905_164321_671,train,"mobile,watch,rokid",different,complete
0905/session_20260905_164618_172,0905,session_20260905_164618_172,test,"mobile,watch,rokid",different,complete
0905/session_20260905_165241_585,0905,session_20260905_165241_585,train,"mobile,watch,rokid",different,complete
0905/session_20260905_170714_519,0905,session_20260905_170714_519,train,"mobile,watch,rokid",different,complete
0905/session_20260905_170955_710,0905,session_20260905_170955_710,test,"mobile,watch,rokid",different,complete
0905/session_20260905_171237_113,0905,session_20260905_171237_113,train,"mobile,watch,rokid",different,complete
0905/session_20260905_171519_661,0905,session_20260905_171519_661,test,"mobile,watch,rokid",different,complete
0905/session_20260905_171939_331,0905,session_20260905_171939_331,train,"mobile,watch,rokid",different,complete
